Model,MSE,R2,RMSPE
LSTM,0.008007761065423627,0.9810068137351813,13.78157671669024
CNN,0.01503010362017705,0.9643508896799923,18.88097169691351
MLP,0.021987581231270724,0.9478488153646896,22.836633514811343
TCN,0.02051233049492785,0.9513478848041683,22.05722414477353
