Model,MSE,R2,RMSPE
LSTM,0.00039713890629396447,0.9998345594616236,1.2862368998005556
GRU,0.000643407517806814,0.9997319686274639,1.6371663601360134
