Model,MSE,R2,RMSPE
LSTM,0.00039706941266814846,0.9998345884113504,1.2861243583509059
GRU,0.0006434352141205331,0.9997319570897049,1.6372015967348323
